7APS,ADULTS
7APS,2XS
7APS,XS
7APS,S
7APS,M
7APS,L
7APS,XL
7APS,2XL
7APS,3XL
7APS,4XL
7APS,5XL
7APS,CHEST
7APS,46
7APS,48.5
7APS,51
7APS,53.5
7APS,56
7APS,58.5
7APS,61
7APS,63.5
7APS,66.5
7APS,70
7APS,SP LENGTH
7APS,67.5
7APS,69
7APS,71.5
7APS,74
7APS,76.5
7APS,79
7APS,81
7APS,82
7APS,83
7APS,84
210XC,ADULTS
210XC,2XS
210XC,XS
210XC,S
210XC,M
210XC,L
210XC,XL
210XC,2XL
210XC,3XL
210XC,4XL
210XC,5XL
210XC,CHEST
210XC,48.5
210XC,51
210XC,53.5
210XC,56
210XC,58.5
210XC,61
210XC,63.5
210XC,66.5
210XC,70
210XC,73.5
210XC,SP LENGTH
210XC,65
210XC,67.5
210XC,70
210XC,72.5
210XC,75
210XC,77.5
210XC,80
210XC,81
210XC,82
210XC,83
2FTP,ADULTS
2FTP,2XS
2FTP,XS
2FTP,S
2FTP,M
2FTP,L
2FTP,XL
2FTP,2XL
2FTP,3XL
2FTP,CHEST
2FTP,41.5
2FTP,44
2FTP,46.5
2FTP,49
2FTP,51.5
2FTP,54
2FTP,56.5
2FTP,59.5
2FTP,SP LENGTH
2FTP,60.5
2FTP,63
2FTP,68
2FTP,70.5
2FTP,73
2FTP,75.5
2FTP,78
2FTP,79
6HPS,ADULTS
6HPS,2XS
6HPS,XS
6HPS,S
6HPS,M
6HPS,L
6HPS,XL
6HPS,2XL
6HPS,3XL
6HPS,4XL
6HPS,5XL
6HPS,6/7XL
6HPS,CHEST
6HPS,48.5
6HPS,51
6HPS,53.5
6HPS,56
6HPS,58.5
6HPS,61
6HPS,63.5
6HPS,66.5
6HPS,70
6HPS,73.5
6HPS,78.5
6HPS,SP LENGTH
6HPS,67.5
6HPS,69
6HPS,71.5
6HPS,74
6HPS,76.5
6HPS,79
6HPS,81
6HPS,82
6HPS,83
6HPS,84
6HPS,86
6HVNC,ADULTS
6HVNC,2XS
6HVNC,XS
6HVNC,S
6HVNC,M
6HVNC,L
6HVNC,XL
6HVNC,2XL
6HVNC,3XL
6HVNC,4XL
6HVNC,5XL
6HVNC,6/7XL
6HVNC,8/9XL
6HVNC,10/11XL
6HVNC,CHEST
6HVNC,48.5
6HVNC,51
6HVNC,53.5
6HVNC,56
6HVNC,58.5
6HVNC,61
6HVNC,63.5
6HVNC,66.5
6HVNC,70
6HVNC,73.5
6HVNC,80.5
6HVNC,87.5
6HVNC,94
6HVNC,SP LENGTH
6HVNC,67.5
6HVNC,69
6HVNC,71.5
6HVNC,74
6HVNC,76.5
6HVNC,79
6HVNC,81
6HVNC,82
6HVNC,83
6HVNC,84
6HVNC,87
6HVNC,90
6HVNC,95
6HVNC,KIDS
6HVNC,0
6HVNC,0
6HVNC,1
6HVNC,2
6HVNC,4
6HVNC,6
6HVNC,8
6HVNC,10
6HVNC,CHEST
6HVNC,25
6HVNC,28
6HVNC,31
6HVNC,34.5
6HVNC,37.5
6HVNC,40.5
6HVNC,43.5
6HVNC,46
6HVNC,SP LENGTH
6HVNC,32
6HVNC,34.5
6HVNC,37
6HVNC,44
6HVNC,48
6HVNC,52
6HVNC,56
6HVNC,60
6NCCS,ADULTS
6NCCS,2XS
6NCCS,XS
6NCCS,S
6NCCS,M
6NCCS,L
6NCCS,XL
6NCCS,2XL
6NCCS,3XL
6NCCS,4XL
6NCCS,5XL
6NCCS,6/7XL
6NCCS,CHEST
6NCCS,48.5
6NCCS,51
6NCCS,53.5
6NCCS,56
6NCCS,58.5
6NCCS,61
6NCCS,63.5
6NCCS,66.5
6NCCS,70
6NCCS,73.5
6NCCS,78.5
6NCCS,SP LENGTH
6NCCS,67.5
6NCCS,69
6NCCS,71.5
6NCCS,74
6NCCS,76.5
6NCCS,79
6NCCS,81
6NCCS,82
6NCCS,83
6NCCS,84
6NCCS,86
7BEL,ADULTS
7BEL,3XS
7BEL,2XS
7BEL,XS
7BEL,S
7BEL,M
7BEL,L
7BEL,XL
7BEL,2XL
7BEL,3XL
7BEL,4XL
7BEL,5XL
7BEL,CHEST
7BEL,43.5
7BEL,46
7BEL,48.5
7BEL,51
7BEL,53.5
7BEL,56
7BEL,58.5
7BEL,61
7BEL,64
7BEL,67.5
7BEL,71
7BEL,SP LENGTH
7BEL,62
7BEL,66
7BEL,69
7BEL,70
7BEL,72.5
7BEL,75
7BEL,77.5
7BEL,80
7BEL,81
7BEL,82
7BEL,83
7BEL,KIDS
7BEL,4
7BEL,6
7BEL,8
7BEL,10
7BEL,12
7BEL,14
7BEL,CHEST
7BEL,36
7BEL,38.5
7BEL,41
7BEL,43.5
7BEL,46
7BEL,48.5
7BEL,SP LENGTH
7BEL,48
7BEL,52
7BEL,56
7BEL,60
7BEL,64
7BEL,67
6HNB,ADULTS
6HNB,2XS
6HNB,XS
6HNB,S
6HNB,M
6HNB,L
6HNB,XL
6HNB,2XL
6HNB,3XL
6HNB,4XL
6HNB,5XL
6HNB,CHEST
6HNB,48.5
6HNB,51
6HNB,53.5
6HNB,56
6HNB,58.5
6HNB,61
6HNB,63.5
6HNB,66.5
6HNB,70
6HNB,73.5
6HNB,SP LENGTH
6HNB,67.5
6HNB,69
6HNB,71.5
6HNB,74
6HNB,76.5
6HNB,79
6HNB,81
6HNB,82
6HNB,83
6HNB,84
6HNBL,ADULTS
6HNBL,2XS
6HNBL,XS
6HNBL,S
6HNBL,M
6HNBL,L
6HNBL,XL
6HNBL,2XL
6HNBL,3XL
6HNBL,4XL
6HNBL,5XL
6HNBL,CHEST
6HNBL,48.5
6HNBL,51
6HNBL,53.5
6HNBL,56
6HNBL,58.5
6HNBL,61
6HNBL,63.5
6HNBL,66.5
6HNBL,70
6HNBL,73.5
6HNBL,SP LENGTH
6HNBL,67.5
6HNBL,69
6HNBL,71.5
6HNBL,74
6HNBL,76.5
6HNBL,79
6HNBL,81
6HNBL,82
6HNBL,83
6HNBL,84
210,ADULTS
210,2XS
210,XS
210,S
210,M
210,L
210,XL
210,2XL
210,3XL
210,4XL
210,5XL
210,6/7XL
210,8/9XL
210,10/11XL
210,CHEST
210,48.5
210,51
210,53.5
210,56
210,58.5
210,61
210,63.5
210,66.5
210,70
210,73.5
210,80.5
210,87.5
210,94
210,SP LENGTH
210,65
210,67.5
210,70
210,72.5
210,75
210,77.5
210,80
210,81
210,82
210,83
210,87
210,90
210,95
210P,ADULTS
210P,2XS
210P,XS
210P,S
210P,M
210P,L
210P,XL
210P,2XL
210P,3XL
210P,4XL
210P,5XL
210P,6/7XL
210P,8/9XL
210P,CHEST
210P,48.5
210P,51
210P,53.5
210P,56
210P,58.5
210P,61
210P,63.5
210P,66.5
210P,70
210P,73.5
210P,80.5
210P,N/A
210P,SP LENGTH
210P,65
210P,67.5
210P,70
210P,72.5
210P,75
210P,77.5
210P,80
210P,81
210P,82
210P,83
210P,87
210P,N/A
210XL,ADULTS
210XL,S
210XL,M
210XL,L
210XL,XL
210XL,2XL
210XL,3XL
210XL,4XL
210XL,5XL
210XL,CHEST
210XL,53.5
210XL,56
210XL,58.5
210XL,61
210XL,63.5
210XL,66.5
210XL,70
210XL,73.5
210XL,SP LENGTH
210XL,70
210XL,72.5
210XL,75
210XL,77.5
210XL,80
210XL,81
210XL,82
210XL,83
250,ADULTS
250,S
250,M
250,L
250,XL
250,2XL
250,3XL
250,CHEST
250,53.5
250,56
250,58.5
250,61
250,63.5
250,66.5
250,SP LENGTH
250,70
250,72.5
250,75
250,77.5
250,80
250,81
2BE,ADULTS
2BE,S
2BE,M
2BE,L
2BE,XL
2BE,2XL
2BE,3XL
2BE,CHEST
2BE,53.5
2BE,56
2BE,58.5
2BE,61
2BE,63.5
2BE,66.5
2BE,SP LENGTH
2BE,68
2BE,70.5
2BE,73
2BE,75.5
2BE,78
2BE,79
2BE,SP BACK LENGTH
2BE,70
2BE,72.5
2BE,75
2BE,77.5
2BE,80
2BE,81
2CJ,ADULTS
2CJ,3XS
2CJ,2XS
2CJ,XS
2CJ,S
2CJ,M
2CJ,L
2CJ,XL
2CJ,2XL
2CJ,3XL
2CJ,4XL
2CJ,5XL
2CJ,CHEST
2CJ,46
2CJ,48.5
2CJ,51
2CJ,53.5
2CJ,56
2CJ,58.5
2CJ,61
2CJ,63.5
2CJ,66.5
2CJ,70
2CJ,73.5
2CJ,SP LENGTH
2CJ,62.5
2CJ,65
2CJ,67.5
2CJ,70
2CJ,72.5
2CJ,75
2CJ,77.5
2CJ,80
2CJ,81
2CJ,82
2CJ,83
2CP,ADULTS
2CP,3XS
2CP,2XS
2CP,XS
2CP,S
2CP,M
2CP,L
2CP,XL
2CP,2XL
2CP,3XL
2CP,4XL
2CP,5XL
2CP,CHEST
2CP,46
2CP,48.5
2CP,51
2CP,53.5
2CP,56
2CP,58.5
2CP,61
2CP,63.5
2CP,66.5
2CP,70
2CP,73.5
2CP,SP LENGTH
2CP,62.5
2CP,65
2CP,67.5
2CP,70
2CP,72.5
2CP,75
2CP,77.5
2CP,80
2CP,81
2CP,82
2CP,83
2CT,ADULTS
2CT,S
2CT,M
2CT,L
2CT,XL
2CT,2XL
2CT,3XL
2CT,CHEST
2CT,53.5
2CT,56
2CT,58.5
2CT,61
2CT,63.5
2CT,66.5
2CT,SP LENGTH
2CT,70
2CT,72.5
2CT,75
2CT,77.5
2CT,80
2CT,81
2DC,ADULTS
2DC,S
2DC,M
2DC,L
2DC,XL
2DC,2XL
2DC,3XL
2DC,CHEST
2DC,53.5
2DC,56
2DC,58.5
2DC,61
2DC,63.5
2DC,66.5
2DC,SP LENGTH
2DC,70
2DC,72.5
2DC,75
2DC,77.5
2DC,80
2DC,81
2DN,ADULTS
2DN,S
2DN,M
2DN,L
2DN,XL
2DN,2XL
2DN,3XL
2DN,CHEST
2DN,53.5
2DN,56
2DN,58.5
2DN,61
2DN,63.5
2DN,66.5
2DN,SP LENGTH
2DN,68
2DN,70.5
2DN,73
2DN,75.5
2DN,78
2DN,79
2DN,SP BACK LENGTH
2DN,70
2DN,72.5
2DN,75
2DN,77.5
2DN,80
2DN,81
2KCP,KIDS
2KCP,4
2KCP,6
2KCP,8
2KCP,10
2KCP,12
2KCP,14
2KCP,CHEST
2KCP,37.5
2KCP,40.5
2KCP,43.5
2KCP,46
2KCP,48.5
2KCP,51
2KCP,SP LENGTH
2KCP,48
2KCP,52
2KCP,56
2KCP,60
2KCP,64
2KCP,67
2KLP,KIDS
2KLP,4
2KLP,6
2KLP,8
2KLP,10
2KLP,12
2KLP,14
2KLP,CHEST
2KLP,37.5
2KLP,40.5
2KLP,43.5
2KLP,46
2KLP,48.5
2KLP,51
2KLP,SP LENGTH
2KLP,48
2KLP,52
2KLP,56
2KLP,60
2KLP,64
2KLP,67
2KP,KIDS
2KP,2
2KP,4
2KP,6
2KP,8
2KP,10
2KP,12
2KP,14
2KP,CHEST
2KP,34.5
2KP,37.5
2KP,40.5
2KP,43.5
2KP,46
2KP,48.5
2KP,51
2KP,SP LENGTH
2KP,44
2KP,48
2KP,52
2KP,56
2KP,60
2KP,64
2KP,67
2LCP,LADIES
2LCP,6
2LCP,8
2LCP,10
2LCP,12
2LCP,14
2LCP,16
2LCP,18
2LCP,20
2LCP,22
2LCP,24
2LCP,BUST
2LCP,N/A
2LCP,46
2LCP,48.5
2LCP,51
2LCP,53.5
2LCP,56
2LCP,58.5
2LCP,61
2LCP,63.5
2LCP,66
2LCP,SP LENGTH
2LCP,N/A
2LCP,62
2LCP,64
2LCP,66
2LCP,68
2LCP,70
2LCP,72
2LCP,73
2LCP,74
2LCP,75
2LPS,LADIES
2LPS,6
2LPS,8
2LPS,10
2LPS,12
2LPS,14
2LPS,16
2LPS,18
2LPS,20
2LPS,22
2LPS,24
2LPS,26
2LPS,28
2LPS,30
2LPS,BUST
2LPS,43.5
2LPS,46
2LPS,48.5
2LPS,51
2LPS,53.5
2LPS,56
2LPS,58.5
2LPS,61
2LPS,63.5
2LPS,66
2LPS,68.5
2LPS,73.5
2LPS,76
2LPS,SP LENGTH
2LPS,60
2LPS,62
2LPS,64
2LPS,66
2LPS,68
2LPS,70
2LPS,72
2LPS,73
2LPS,74
2LPS,75
2LPS,76
2LPS,78
2LPS,79
2LRP,LADIES
2LRP,8
2LRP,10
2LRP,12
2LRP,14
2LRP,16
2LRP,18
2LRP,20
2LRP,22
2LRP,24
2LRP,BUST
2LRP,46
2LRP,48.5
2LRP,51
2LRP,53.5
2LRP,56
2LRP,58.5
2LRP,61
2LRP,63.5
2LRP,66
2LRP,SP LENGTH
2LRP,62
2LRP,64
2LRP,66
2LRP,68
2LRP,70
2LRP,72
2LRP,73
2LRP,74
2LRP,75
2MRP,ADULTS
2MRP,S
2MRP,M
2MRP,L
2MRP,XL
2MRP,2XL
2MRP,3XL
2MRP,4XL
2MRP,5XL
2MRP,CHEST
2MRP,53.5
2MRP,56
2MRP,58.5
2MRP,61
2MRP,63.5
2MRP,66.5
2MRP,70
2MRP,73.5
2MRP,SP LENGTH
2MRP,70
2MRP,72.5
2MRP,75
2MRP,77.5
2MRP,80
2MRP,81
2MRP,82
2MRP,83
2PNH,ADULTS
2PNH,S
2PNH,M
2PNH,L
2PNH,XL
2PNH,2XL
2PNH,3XL
2PNH,4XL
2PNH,5XL
2PNH,CHEST
2PNH,53.5
2PNH,56
2PNH,58.5
2PNH,61
2PNH,63.5
2PNH,66.5
2PNH,70
2PNH,73.5
2PNH,SP LENGTH
2PNH,68
2PNH,70.5
2PNH,73
2PNH,75.5
2PNH,78
2PNH,79
2PNH,80
2PNH,81
2PNH,SP BACK LENGTH
2PNH,70
2PNH,72.5
2PNH,75
2PNH,77.5
2PNH,80
2PNH,81
2PNH,82
2PNH,83
S2CF,ADULTS
S2CF,S
S2CF,M
S2CF,L
S2CF,XL
S2CF,2XL
S2CF,3XL
S2CF,CHEST
S2CF,51
S2CF,53.5
S2CF,56
S2CF,58.5
S2CF,61
S2CF,64
S2CF,SP LENGTH
S2CF,70
S2CF,72.5
S2CF,75
S2CF,77.5
S2CF,80
S2CF,81
S2CF,SP BACK LENGTH
S2CF,73
S2CF,75.5
S2CF,78
S2CF,80.5
S2CF,83
S2CF,84
S2MP,ADULTS
S2MP,3XS
S2MP,2XS
S2MP,XS
S2MP,S
S2MP,M
S2MP,L
S2MP,XL
S2MP,2XL
S2MP,3XL
S2MP,4XL
S2MP,5XL
S2MP,CHEST
S2MP,46
S2MP,48.5
S2MP,51
S2MP,53.5
S2MP,56
S2MP,58.5
S2MP,61
S2MP,63.5
S2MP,66.5
S2MP,70
S2MP,73.5
S2MP,SP LENGTH
S2MP,62.5
S2MP,65
S2MP,67.5
S2MP,70
S2MP,72.5
S2MP,75
S2MP,77.5
S2MP,80
S2MP,81
S2MP,82
S2MP,83
S2OP,ADULTS
S2OP,2XS
S2OP,XS
S2OP,S
S2OP,M
S2OP,L
S2OP,XL
S2OP,2XL
S2OP,3XL
S2OP,4XL
S2OP,5XL
S2OP,CHEST
S2OP,48.5
S2OP,51
S2OP,53.5
S2OP,56
S2OP,58.5
S2OP,61
S2OP,63.5
S2OP,66.5
S2OP,70
S2OP,73.5
S2OP,HSP LENGTH
S2OP,65
S2OP,67.5
S2OP,70
S2OP,72.5
S2OP,75
S2OP,77.5
S2OP,80
S2OP,81
S2OP,82
S2OP,83
S2OP1,LADIES
S2OP1,8
S2OP1,10
S2OP1,12
S2OP1,14
S2OP1,16
S2OP1,18
S2OP1,20
S2OP1,BUST
S2OP1,46
S2OP1,48.5
S2OP1,51
S2OP1,53.5
S2OP1,56
S2OP1,58.5
S2OP1,61
S2OP1,HSP LENGTH
S2OP1,62
S2OP1,64
S2OP1,66
S2OP1,68
S2OP1,70
S2OP1,72
S2OP1,73
2IP,KIDS
2IP,0
2IP,0
2IP,1
2IP,CHEST
2IP,25
2IP,28
2IP,31
2IP,BODY LENGTH
2IP,32
2IP,34.5
2IP,37
S2MP1,LADIES
S2MP1,8
S2MP1,10
S2MP1,12
S2MP1,14
S2MP1,16
S2MP1,18
S2MP1,20
S2MP1,22
S2MP1,24
S2MP1,BUST
S2MP1,46
S2MP1,48.5
S2MP1,51
S2MP1,53.5
S2MP1,56
S2MP1,58.5
S2MP1,61
S2MP1,63.5
S2MP1,66
S2MP1,SP LENGTH
S2MP1,62
S2MP1,64
S2MP1,66
S2MP1,68
S2MP1,70
S2MP1,72
S2MP1,73
S2MP1,74
S2MP1,75
S2ML,ADULTS
S2ML,2XS
S2ML,XS
S2ML,S
S2ML,M
S2ML,L
S2ML,XL
S2ML,2XL
S2ML,3XL
S2ML,4XL
S2ML,5XL
S2ML,CHEST
S2ML,48.5
S2ML,51
S2ML,53.5
S2ML,56
S2ML,58.5
S2ML,61
S2ML,63.5
S2ML,66.5
S2ML,70
S2ML,73.5
S2ML,SP LENGTH
S2ML,65
S2ML,67.5
S2ML,70
S2ML,72.5
S2ML,75
S2ML,77.5
S2ML,80
S2ML,81
S2ML,82
S2ML,83
210PL,ADULTS
210PL,3XS
210PL,2XS
210PL,XS
210PL,S
210PL,M
210PL,L
210PL,XL
210PL,2XL
210PL,3XL
210PL,4XL
210PL,5XL
210PL,6/7XL
210PL,CHEST
210PL,46
210PL,48.5
210PL,51
210PL,53.5
210PL,56
210PL,58.5
210PL,61
210PL,63.5
210PL,66.5
210PL,70
210PL,73.5
210PL,80.5
210PL,SP LENGTH
210PL,62.5
210PL,65
210PL,67.5
210PL,70
210PL,72.5
210PL,75
210PL,77.5
210PL,80
210PL,81
210PL,82
210PL,83
210PL,87
2MP,ADULTS
2MP,S
2MP,M
2MP,L
2MP,XL
2MP,2XL
2MP,3XL
2MP,4XL
2MP,CHEST
2MP,53.5
2MP,56
2MP,58.5
2MP,61
2MP,63.5
2MP,66.5
2MP,70
2MP,SP LENGTH
2MP,70
2MP,72.5
2MP,75
2MP,77.5
2MP,80
2MP,81
2MP,82
7BEL1,LADIES
7BEL1,8
7BEL1,10
7BEL1,12
7BEL1,14
7BEL1,16
7BEL1,18
7BEL1,20
7BEL1,22
7BEL1,24
7BEL1,BUST
7BEL1,43.5
7BEL1,46
7BEL1,48.5
7BEL1,51
7BEL1,53.5
7BEL1,56
7BEL1,58.5
7BEL1,61
7BEL1,63.5
7BEL1,SP LENGTH
7BEL1,63
7BEL1,65
7BEL1,67
7BEL1,69
7BEL1,71
7BEL1,73
7BEL1,74
7BEL1,75
7BEL1,76
7BP,ADULTS
7BP,S
7BP,M
7BP,L
7BP,XL
7BP,2XL
7BP,3XL
7BP,CHEST
7BP,53.5
7BP,56
7BP,58.5
7BP,61
7BP,63.5
7BP,66.5
7BP,SP LENGTH
7BP,70
7BP,72.5
7BP,75
7BP,77.5
7BP,80
7BP,81
7COP,ADULTS
7COP,3XS
7COP,2XS
7COP,XS
7COP,S
7COP,M
7COP,L
7COP,XL
7COP,2XL
7COP,3XL
7COP,4XL
7COP,5XL
7COP,CHEST
7COP,46
7COP,48.5
7COP,51
7COP,53.5
7COP,56
7COP,58.5
7COP,61
7COP,63.5
7COP,66.5
7COP,70
7COP,73.5
7COP,SP LENGTH
7COP,60
7COP,64
7COP,67
7COP,70
7COP,72.5
7COP,75
7COP,77.5
7COP,80
7COP,81
7COP,82
7COP,83
7COP1,LADIES
7COP1,8
7COP1,10
7COP1,12
7COP1,14
7COP1,16
7COP1,18
7COP1,20
7COP1,22
7COP1,24
7COP1,BUST
7COP1,43.5
7COP1,46
7COP1,48.5
7COP1,51
7COP1,53.5
7COP1,56
7COP1,58.5
7COP1,61
7COP1,63.5
7COP1,SP LENGTH
7COP1,62
7COP1,64
7COP1,66
7COP1,68
7COP1,70
7COP1,72
7COP1,73
7COP1,74
7COP1,75
7COV,ADULTS
7COV,S
7COV,M
7COV,L
7COV,XL
7COV,2XL
7COV,3XL
7COV,4XL
7COV,5XL
7COV,CHEST
7COV,51
7COV,53.5
7COV,56
7COV,58.5
7COV,61
7COV,64
7COV,67.5
7COV,71
7COV,SP LENGTH
7COV,70
7COV,72.5
7COV,75
7COV,77.5
7COV,80
7COV,81
7COV,82
7COV,83
7CYP,ADULTS
7CYP,S
7CYP,M
7CYP,L
7CYP,XL
7CYP,2XL
7CYP,3XL
7CYP,4XL
7CYP,5XL
7CYP,CHEST
7CYP,51
7CYP,53.5
7CYP,56
7CYP,58.5
7CYP,61
7CYP,64
7CYP,67.5
7CYP,71
7CYP,SP LENGTH
7CYP,70
7CYP,72.5
7CYP,75
7CYP,77.5
7CYP,80
7CYP,81
7CYP,82
7CYP,83
7IP,ADULTS
7IP,S
7IP,M
7IP,L
7IP,XL
7IP,2XL
7IP,3XL
7IP,CHEST
7IP,53.5
7IP,56
7IP,58.5
7IP,61
7IP,63.5
7IP,66.5
7IP,SP LENGTH
7IP,70
7IP,72.5
7IP,75
7IP,77.5
7IP,80
7IP,81
7KSP,KIDS
7KSP,4
7KSP,6
7KSP,8
7KSP,10
7KSP,12
7KSP,14
7KSP,CHEST
7KSP,38.5
7KSP,41
7KSP,43.5
7KSP,46
7KSP,48.5
7KSP,51
7KSP,SP LENGTH
7KSP,48
7KSP,52
7KSP,56
7KSP,60
7KSP,64
7KSP,67
7LPI,LADIES
7LPI,8
7LPI,10
7LPI,12
7LPI,14
7LPI,16
7LPI,18
7LPI,20
7LPI,22
7LPI,24
7LPI,BUST
7LPI,43.5
7LPI,46
7LPI,48.5
7LPI,51
7LPI,53.5
7LPI,56
7LPI,58.5
7LPI,61
7LPI,63.5
7LPI,SP LENGTH
7LPI,62
7LPI,64
7LPI,66
7LPI,68
7LPI,70
7LPI,72
7LPI,73
7LPI,74
7LPI,75
7LPP,LADIES
7LPP,8
7LPP,10
7LPP,12
7LPP,14
7LPP,16
7LPP,18
7LPP,20
7LPP,22
7LPP,24
7LPP,BUST
7LPP,43.5
7LPP,46
7LPP,48.5
7LPP,51
7LPP,53.5
7LPP,56
7LPP,58.5
7LPP,61
7LPP,63.5
7LPP,SP LENGTH
7LPP,62
7LPP,64
7LPP,66
7LPP,68
7LPP,70
7LPP,72
7LPP,73
7LPP,74
7LPP,75
7PIP,ADULTS
7PIP,2XS
7PIP,XS
7PIP,S
7PIP,M
7PIP,L
7PIP,XL
7PIP,2XL
7PIP,3XL
7PIP,4XL
7PIP,5XL
7PIP,CHEST
7PIP,48.5
7PIP,51
7PIP,53.5
7PIP,56
7PIP,58.5
7PIP,61
7PIP,63.5
7PIP,66.5
7PIP,70
7PIP,73.5
7PIP,SP LENGTH
7PIP,65
7PIP,67.5
7PIP,70
7PIP,72.5
7PIP,75
7PIP,77.5
7PIP,80
7PIP,81
7PIP,82
7PIP,83
7PIPL,ADULTS
7PIPL,2XS
7PIPL,XS
7PIPL,S
7PIPL,M
7PIPL,L
7PIPL,XL
7PIPL,2XL
7PIPL,3XL
7PIPL,4XL
7PIPL,5XL
7PIPL,CHEST
7PIPL,48.5
7PIPL,51
7PIPL,53.5
7PIPL,56
7PIPL,58.5
7PIPL,61
7PIPL,63.5
7PIPL,66.5
7PIPL,70
7PIPL,73.5
7PIPL,SP LENGTH
7PIPL,65
7PIPL,67.5
7PIPL,70
7PIPL,72.5
7PIPL,75
7PIPL,77.5
7PIPL,80
7PIPL,81
7PIPL,82
7PIPL,83
7PIPS,KIDS
7PIPS,4
7PIPS,6
7PIPS,8
7PIPS,10
7PIPS,12
7PIPS,14
7PIPS,CHEST
7PIPS,38.5
7PIPS,41
7PIPS,43.5
7PIPS,46
7PIPS,48.5
7PIPS,51
7PIPS,SP LENGTH
7PIPS,48
7PIPS,52
7PIPS,56
7PIPS,60
7PIPS,64
7PIPS,67
7PP,ADULTS
7PP,S
7PP,M
7PP,L
7PP,XL
7PP,2XL
7PP,3XL
7PP,4XL
7PP,5XL
7PP,CHEST
7PP,53.5
7PP,56
7PP,58.5
7PP,61
7PP,63.5
7PP,66.5
7PP,70
7PP,73.5
7PP,SP LENGTH
7PP,70
7PP,72.5
7PP,75
7PP,77.5
7PP,80
7PP,81
7PP,82
7PP,83
7PP3,KIDS
7PP3,4
7PP3,6
7PP3,8
7PP3,10
7PP3,12
7PP3,14
7PP3,CHEST
7PP3,38.5
7PP3,41
7PP3,43.5
7PP3,46
7PP3,48.5
7PP3,51
7PP3,SP LENGTH
7PP3,48
7PP3,52
7PP3,56
7PP3,60
7PP3,64
7PP3,67
7PZPP,ADULTS
7PZPP,S
7PZPP,M
7PZPP,L
7PZPP,XL
7PZPP,2XL
7PZPP,3XL
7PZPP,CHEST
7PZPP,51
7PZPP,53.5
7PZPP,56
7PZPP,58.5
7PZPP,61
7PZPP,64
7PZPP,SP LENGTH
7PZPP,70
7PZPP,72.5
7PZPP,75
7PZPP,77.5
7PZPP,80
7PZPP,81
7SPL,ADULTS
7SPL,S
7SPL,M
7SPL,L
7SPL,XL
7SPL,2XL
7SPL,3XL
7SPL,4XL
7SPL,CHEST
7SPL,51
7SPL,53.5
7SPL,56
7SPL,58.5
7SPL,61
7SPL,64
7SPL,67.5
7SPL,SP LENGTH
7SPL,70
7SPL,72.5
7SPL,75
7SPL,77.5
7SPL,80
7SPL,81
7SPL,82
7SPP,ADULTS
7SPP,2XS
7SPP,XS
7SPP,S
7SPP,M
7SPP,L
7SPP,XL
7SPP,2XL
7SPP,3XL
7SPP,4XL
7SPP,5XL
7SPP,CHEST
7SPP,48.5
7SPP,51
7SPP,53.5
7SPP,56
7SPP,58.5
7SPP,61
7SPP,63.5
7SPP,66.5
7SPP,70
7SPP,73.5
7SPP,SP LENGTH
7SPP,65
7SPP,67.5
7SPP,70
7SPP,72.5
7SPP,75
7SPP,77.5
7SPP,80
7SPP,81
7SPP,82
7SPP,83
7SWP,ADULTS
7SWP,S
7SWP,M
7SWP,L
7SWP,XL
7SWP,2XL
7SWP,3XL
7SWP,4XL
7SWP,5XL
7SWP,CHEST
7SWP,51
7SWP,53.5
7SWP,56
7SWP,58.5
7SWP,61
7SWP,64
7SWP,67.5
7SWP,71
7SWP,SP LENGTH
7SWP,70
7SWP,72.5
7SWP,75
7SWP,77.5
7SWP,80
7SWP,81
7SWP,82
7SWP,83
7SWP1,LADIES
7SWP1,8
7SWP1,10
7SWP1,12
7SWP1,14
7SWP1,16
7SWP1,18
7SWP1,20
7SWP1,22
7SWP1,24
7SWP1,CHEST
7SWP1,43.5
7SWP1,46
7SWP1,48.5
7SWP1,51
7SWP1,53.5
7SWP1,56
7SWP1,58.5
7SWP1,61
7SWP1,63.5
7SWP1,SP LENGTH
7SWP1,62
7SWP1,64
7SWP1,66
7SWP1,68
7SWP1,70
7SWP1,72
7SWP1,73
7SWP1,74
7SWP1,75
7WP,ADULTS
7WP,S
7WP,M
7WP,L
7WP,XL
7WP,2XL
7WP,CHEST
7WP,53.5
7WP,56
7WP,58.5
7WP,61
7WP,63.5
7WP,SP LENGTH
7WP,70
7WP,72.5
7WP,75
7WP,77.5
7WP,80
7JCP,ADULTS
7JCP,2XS
7JCP,XS
7JCP,S
7JCP,M
7JCP,L
7JCP,XL
7JCP,2XL
7JCP,3XL
7JCP,4XL
7JCP,5XL
7JCP,CHEST
7JCP,46
7JCP,48.5
7JCP,51
7JCP,53.5
7JCP,56
7JCP,58.5
7JCP,61
7JCP,64
7JCP,67
7JCP,70
7JCP,SP LENGTH
7JCP,65
7JCP,67.5
7JCP,70
7JCP,72.5
7JCP,75
7JCP,77.5
7JCP,80
7JCP,81
7JCP,82
7JCP,83
7JCP1,LADIES
7JCP1,8
7JCP1,10
7JCP1,12
7JCP1,14
7JCP1,16
7JCP1,18
7JCP1,20
7JCP1,22
7JCP1,24
7JCP1,CHEST
7JCP1,43.5
7JCP1,46
7JCP1,48.5
7JCP1,51
7JCP1,53.5
7JCP1,56
7JCP1,58.5
7JCP1,61
7JCP1,63.5
7JCP1,SP LENGTH
7JCP1,62
7JCP1,64
7JCP1,66
7JCP1,68
7JCP1,70
7JCP1,72
7JCP1,73
7JCP1,74
7JCP1,75
7IMP,ADULTS
7IMP,S
7IMP,M
7IMP,L
7IMP,XL
7IMP,2XL
7IMP,3XL
7IMP,4XL
7IMP,5XL
7IMP,CHEST
7IMP,53.5
7IMP,56
7IMP,58.5
7IMP,61
7IMP,63.5
7IMP,66.5
7IMP,70
7IMP,72.5
7IMP,SP LENGTH
7IMP,70
7IMP,72.5
7IMP,75
7IMP,77.5
7IMP,80
7IMP,81
7IMP,82
7IMP,83
7CLP,ADULTS
7CLP,2XS
7CLP,XS
7CLP,S
7CLP,M
7CLP,L
7CLP,XL
7CLP,2XL
7CLP,3XL
7CLP,4XL
7CLP,5XL
7CLP,CHEST
7CLP,48.5
7CLP,51
7CLP,53.5
7CLP,56
7CLP,58.5
7CLP,61
7CLP,63.5
7CLP,66.5
7CLP,70
7CLP,73.5
7CLP,SP LENGTH
7CLP,65
7CLP,67.5
7CLP,70
7CLP,72.5
7CLP,75
7CLP,77.5
7CLP,80
7CLP,81
7CLP,82
7CLP,83
7WPP,ADULTS
7WPP,S
7WPP,M
7WPP,L
7WPP,XL
7WPP,2XL
7WPP,3XL
7WPP,4XL
7WPP,5XL
7WPP,CHEST
7WPP,53.5
7WPP,56
7WPP,58.5
7WPP,61
7WPP,63.5
7WPP,66.5
7WPP,70
7WPP,73.5
7WPP,SP LENGTH
7WPP,70
7WPP,72.5
7WPP,75
7WPP,77.5
7WPP,80
7WPP,81
7WPP,82
7WPP,83
7STP,ADULTS
7STP,3XS
7STP,2XS
7STP,XS
7STP,S
7STP,M
7STP,L
7STP,XL
7STP,2XL
7STP,3XL
7STP,4XL
7STP,5XL
7STP,CHEST
7STP,46
7STP,48.5
7STP,51
7STP,53.5
7STP,56
7STP,58.5
7STP,61
7STP,63.5
7STP,66.5
7STP,70
7STP,73.5
7STP,SP LENGTH
7STP,63.5
7STP,66
7STP,68.5
7STP,71
7STP,73.5
7STP,76
7STP,78.5
7STP,81
7STP,82
7STP,83
7STP,84
7PKP,ADULTS
7PKP,3XS
7PKP,2XS
7PKP,XS
7PKP,S
7PKP,M
7PKP,L
7PKP,XL
7PKP,2XL
7PKP,3XL
7PKP,4XL
7PKP,5XL
7PKP,CHEST
7PKP,46
7PKP,48.5
7PKP,51
7PKP,53.5
7PKP,56
7PKP,58.5
7PKP,61
7PKP,63.5
7PKP,66.5
7PKP,70
7PKP,73.5
7PKP,SP LENGTH
7PKP,63.5
7PKP,66
7PKP,68.5
7PKP,71
7PKP,73
7PKP,75
7PKP,77
7PKP,79
7PKP,81
7PKP,83
7PKP,85
5LP,LADIES
5LP,8
5LP,10
5LP,12
5LP,14
5LP,16
5LP,18
5LP,20
5LP,22
5LP,BUST
5LP,46
5LP,48.5
5LP,51
5LP,53.5
5LP,56
5LP,58.5
5LP,61
5LP,63.5
5LP,SP LENGTH
5LP,62
5LP,64
5LP,66
5LP,68
5LP,70
5LP,72
5LP,73
5LP,74
5MP,ADULTS
5MP,S
5MP,M
5MP,L
5MP,XL
5MP,2XL
5MP,3XL
5MP,4XL
5MP,CHEST
5MP,53.5
5MP,56
5MP,58.5
5MP,61
5MP,63.5
5MP,66.5
5MP,70
5MP,SP LENGTH
5MP,70
5MP,72.5
5MP,75
5MP,77.5
5MP,80
5MP,81
5MP,82
6AP4L,ADULTS
6AP4L,2XS
6AP4L,XS
6AP4L,S
6AP4L,M
6AP4L,L
6AP4L,XL
6AP4L,2XL
6AP4L,3XL
6AP4L,4XL
6AP4L,5XL
6AP4L,CHEST
6AP4L,48.5
6AP4L,51
6AP4L,53.5
6AP4L,56
6AP4L,58.5
6AP4L,61
6AP4L,63.5
6AP4L,66.5
6AP4L,70
6AP4L,73.5
6AP4L,SP LENGTH
6AP4L,67.5
6AP4L,69
6AP4L,71.5
6AP4L,74
6AP4L,76.5
6AP4L,79
6AP4L,81
6AP4L,82
6AP4L,83
6AP4L,84
6AP4S,ADULTS
6AP4S,2XS
6AP4S,XS
6AP4S,S
6AP4S,M
6AP4S,L
6AP4S,XL
6AP4S,2XL
6AP4S,3XL
6AP4S,4XL
6AP4S,5XL
6AP4S,CHEST
6AP4S,48.5
6AP4S,51
6AP4S,53.5
6AP4S,56
6AP4S,58.5
6AP4S,61
6AP4S,63.5
6AP4S,66.5
6AP4S,70
6AP4S,73.5
6AP4S,SP LENGTH
6AP4S,67.5
6AP4S,69
6AP4S,71.5
6AP4S,74
6AP4S,76.5
6AP4S,79
6AP4S,81
6AP4S,82
6AP4S,83
6AP4S,84
6AT4S,ADULTS
6AT4S,2XS
6AT4S,XS
6AT4S,S
6AT4S,M
6AT4S,L
6AT4S,XL
6AT4S,2XL
6AT4S,3XL
6AT4S,4XL
6AT4S,5XL
6AT4S,CHEST
6AT4S,48.5
6AT4S,51
6AT4S,53.5
6AT4S,56
6AT4S,58.5
6AT4S,61
6AT4S,63.5
6AT4S,66.5
6AT4S,70
6AT4S,73.5
6AT4S,SP LENGTH
6AT4S,67.5
6AT4S,69
6AT4S,71.5
6AT4S,74
6AT4S,76.5
6AT4S,79
6AT4S,81
6AT4S,82
6AT4S,83
6AT4S,84
6CPHL,ADULTS
6CPHL,2XS
6CPHL,XS
6CPHL,S
6CPHL,M
6CPHL,L
6CPHL,XL
6CPHL,2XL
6CPHL,3XL
6CPHL,4XL
6CPHL,5XL
6CPHL,CHEST
6CPHL,48.5
6CPHL,51
6CPHL,53.5
6CPHL,56
6CPHL,58.5
6CPHL,61
6CPHL,63.5
6CPHL,66.5
6CPHL,70
6CPHL,73.5
6CPHL,SP LENGTH
6CPHL,67.5
6CPHL,69
6CPHL,71.5
6CPHL,74
6CPHL,76.5
6CPHL,79
6CPHL,81
6CPHL,82
6CPHL,83
6CPHL,84
6CPHV,ADULTS
6CPHV,2XS
6CPHV,XS
6CPHV,S
6CPHV,M
6CPHV,L
6CPHV,XL
6CPHV,2XL
6CPHV,3XL
6CPHV,4XL
6CPHV,5XL
6CPHV,CHEST
6CPHV,48.5
6CPHV,51
6CPHV,53.5
6CPHV,56
6CPHV,58.5
6CPHV,61
6CPHV,63.5
6CPHV,66.5
6CPHV,70
6CPHV,73.5
6CPHV,SP LENGTH
6CPHV,67.5
6CPHV,69
6CPHV,71.5
6CPHV,74
6CPHV,76.5
6CPHV,79
6CPHV,81
6CPHV,82
6CPHV,83
6CPHV,84
6HCP4,ADULTS
6HCP4,2XS
6HCP4,XS
6HCP4,S
6HCP4,M
6HCP4,L
6HCP4,XL
6HCP4,2XL
6HCP4,3XL
6HCP4,4XL
6HCP4,5XL
6HCP4,CHEST
6HCP4,48.5
6HCP4,51
6HCP4,53.5
6HCP4,56
6HCP4,58.5
6HCP4,61
6HCP4,63.5
6HCP4,66.5
6HCP4,70
6HCP4,73.5
6HCP4,SP LENGTH
6HCP4,67.5
6HCP4,69
6HCP4,71.5
6HCP4,74
6HCP4,76.5
6HCP4,79
6HCP4,81
6HCP4,82
6HCP4,83
6HCP4,84
6HMCB,ADULTS
6HMCB,XS
6HMCB,S
6HMCB,M
6HMCB,L
6HMCB,XL
6HMCB,2XL
6HMCB,3XL
6HMCB,4XL
6HMCB,5XL
6HMCB,CHEST
6HMCB,51
6HMCB,53.5
6HMCB,56
6HMCB,58.5
6HMCB,61
6HMCB,63.5
6HMCB,66.5
6HMCB,70
6HMCB,73.5
6HMCB,SP LENGTH
6HMCB,69
6HMCB,71.5
6HMCB,74
6HMCB,76.5
6HMCB,79
6HMCB,81
6HMCB,82
6HMCB,83
6HMCB,84
6HSP,ADULTS
6HSP,2XS
6HSP,XS
6HSP,S
6HSP,M
6HSP,L
6HSP,XL
6HSP,2XL
6HSP,3XL
6HSP,4XL
6HSP,5XL
6HSP,CHEST
6HSP,48.5
6HSP,51
6HSP,53.5
6HSP,56
6HSP,58.5
6HSP,61
6HSP,63.5
6HSP,66.5
6HSP,70
6HSP,73.5
6HSP,SP LENGTH
6HSP,67.5
6HSP,69
6HSP,71.5
6HSP,74
6HSP,76.5
6HSP,79
6HSP,81
6HSP,82
6HSP,83
6HSP,84
6HVGL,ADULTS
6HVGL,XS
6HVGL,S
6HVGL,M
6HVGL,L
6HVGL,XL
6HVGL,2XL
6HVGL,3XL
6HVGL,4XL
6HVGL,5XL
6HVGL,CHEST
6HVGL,51
6HVGL,53.5
6HVGL,56
6HVGL,58.5
6HVGL,61
6HVGL,63.5
6HVGL,66.5
6HVGL,70
6HVGL,73.5
6HVGL,SP LENGTH
6HVGL,69
6HVGL,71.5
6HVGL,74
6HVGL,76.5
6HVGL,79
6HVGL,81
6HVGL,82
6HVGL,83
6HVGL,84
6HVGS,ADULTS
6HVGS,2XS
6HVGS,XS
6HVGS,S
6HVGS,M
6HVGS,L
6HVGS,XL
6HVGS,2XL
6HVGS,3XL
6HVGS,4XL
6HVGS,5XL
6HVGS,CHEST
6HVGS,48.5
6HVGS,51
6HVGS,53.5
6HVGS,56
6HVGS,58.5
6HVGS,61
6HVGS,63.5
6HVGS,66.5
6HVGS,70
6HVGS,73.5
6HVGS,SP LENGTH
6HVGS,67.5
6HVGS,69
6HVGS,71.5
6HVGS,74
6HVGS,76.5
6HVGS,79
6HVGS,81
6HVGS,82
6HVGS,83
6HVGS,84
6HVPL,ADULTS
6HVPL,2XS
6HVPL,XS
6HVPL,S
6HVPL,M
6HVPL,L
6HVPL,XL
6HVPL,2XL
6HVPL,3XL
6HVPL,4XL
6HVPL,5XL
6HVPL,6/7XL
6HVPL,8/9XL
6HVPL,CHEST
6HVPL,48.5
6HVPL,51
6HVPL,53.5
6HVPL,56
6HVPL,58.5
6HVPL,61
6HVPL,63.5
6HVPL,66.5
6HVPL,70
6HVPL,73.5
6HVPL,78.5
6HVPL,83.5
6HVPL,SP LENGTH
6HVPL,67.5
6HVPL,69
6HVPL,71.5
6HVPL,74
6HVPL,76.5
6HVPL,79
6HVPL,81
6HVPL,82
6HVPL,83
6HVPL,84
6HVPL,86
6HVPL,87
6HVPS,ADULTS
6HVPS,2XS
6HVPS,XS
6HVPS,S
6HVPS,M
6HVPS,L
6HVPS,XL
6HVPS,2XL
6HVPS,3XL
6HVPS,4XL
6HVPS,5XL
6HVPS,6/7XL
6HVPS,CHEST
6HVPS,48.5
6HVPS,51
6HVPS,53.5
6HVPS,56
6HVPS,58.5
6HVPS,61
6HVPS,63.5
6HVPS,66.5
6HVPS,70
6HVPS,73.5
6HVPS,80.5
6HVPS,SP LENGTH
6HVPS,67.5
6HVPS,69
6HVPS,71.5
6HVPS,74
6HVPS,76.5
6HVPS,79
6HVPS,81
6HVPS,82
6HVPS,83
6HVPS,84
6HVPS,86
6HVRS,ADULTS
6HVRS,XS
6HVRS,S
6HVRS,M
6HVRS,L
6HVRS,XL
6HVRS,2XL
6HVRS,3XL
6HVRS,4XL
6HVRS,5XL
6HVRS,CHEST
6HVRS,51
6HVRS,53.5
6HVRS,56
6HVRS,58.5
6HVRS,61
6HVRS,63.5
6HVRS,66.5
6HVRS,70
6HVRS,73.5
6HVRS,SP LENGTH
6HVRS,69
6HVRS,71.5
6HVRS,74
6HVRS,76.5
6HVRS,79
6HVRS,81
6HVRS,82
6HVRS,83
6HVRS,84
6HVSL,ADULTS
6HVSL,2XS
6HVSL,XS
6HVSL,S
6HVSL,M
6HVSL,L
6HVSL,XL
6HVSL,2XL
6HVSL,3XL
6HVSL,4XL
6HVSL,5XL
6HVSL,CHEST
6HVSL,48.5
6HVSL,51
6HVSL,53.5
6HVSL,56
6HVSL,58.5
6HVSL,61
6HVSL,63.5
6HVSL,66.5
6HVSL,70
6HVSL,73.5
6HVSL,SP LENGTH
6HVSL,67.5
6HVSL,69
6HVSL,71.5
6HVSL,74
6HVSL,76.5
6HVSL,79
6HVSL,81
6HVSL,82
6HVSL,83
6HVSL,84
6HVST,ADULTS
6HVST,2XS
6HVST,XS
6HVST,S
6HVST,M
6HVST,L
6HVST,XL
6HVST,2XL
6HVST,3XL
6HVST,4XL
6HVST,5XL
6HVST,6/7XL
6HVST,CHEST
6HVST,48.5
6HVST,51
6HVST,53.5
6HVST,56
6HVST,58.5
6HVST,61
6HVST,63.5
6HVST,66.5
6HVST,70
6HVST,73.5
6HVST,80.5
6HVST,SP LENGTH
6HVST,67.5
6HVST,69
6HVST,71.5
6HVST,74
6HVST,76.5
6HVST,79
6HVST,81
6HVST,82
6HVST,83
6HVST,84
6HVST,86
6LHCP,LADIES
6LHCP,6
6LHCP,8
6LHCP,10
6LHCP,12
6LHCP,14
6LHCP,16
6LHCP,18
6LHCP,20
6LHCP,22
6LHCP,24
6LHCP,26
6LHCP,28
6LHCP,30
6LHCP,BUST
6LHCP,43.5
6LHCP,46
6LHCP,48.5
6LHCP,51
6LHCP,53.5
6LHCP,56
6LHCP,58.5
6LHCP,61
6LHCP,63.5
6LHCP,66
6LHCP,68.5
6LHCP,73.5
6LHCP,78.5
6LHCP,SP LENGTH
6LHCP,60
6LHCP,62
6LHCP,64
6LHCP,66
6LHCP,68
6LHCP,70
6LHCP,72
6LHCP,73
6LHCP,74
6LHCP,75
6LHCP,76
6LHCP,78
6LHCP,80
6SPHS,ADULTS
6SPHS,XS
6SPHS,S
6SPHS,M
6SPHS,L
6SPHS,XL
6SPHS,2XL
6SPHS,3XL
6SPHS,4XL
6SPHS,5XL
6SPHS,CHEST
6SPHS,51
6SPHS,53.5
6SPHS,56
6SPHS,58.5
6SPHS,61
6SPHS,63.5
6SPHS,66.5
6SPHS,70
6SPHS,73.5
6SPHS,SP LENGTH
6SPHS,69
6SPHS,71.5
6SPHS,74
6SPHS,76.5
6SPHS,79
6SPHS,81
6SPHS,82
6SPHS,83
6SPHS,84
6WPS,ADULTS
6WPS,XS
6WPS,S
6WPS,M
6WPS,L
6WPS,XL
6WPS,2XL
6WPS,3XL
6WPS,4XL
6WPS,5XL
6WPS,CHEST
6WPS,51
6WPS,53.5
6WPS,56
6WPS,58.5
6WPS,61
6WPS,63.5
6WPS,66.5
6WPS,70
6WPS,73.5
6WPS,SP LENGTH
6WPS,69
6WPS,71.5
6WPS,74
6WPS,76.5
6WPS,79
6WPS,81
6WPS,82
6WPS,83
6WPS,84
6HJNC,ADULTS
6HJNC,2XS
6HJNC,XS
6HJNC,S
6HJNC,M
6HJNC,L
6HJNC,XL
6HJNC,2XL
6HJNC,3XL
6HJNC,4XL
6HJNC,5XL
6HJNC,CHEST
6HJNC,48.5
6HJNC,51
6HJNC,53.5
6HJNC,56
6HJNC,58.5
6HJNC,61
6HJNC,63.5
6HJNC,66.5
6HJNC,70
6HJNC,73.5
6HJNC,SP LENGTH
6HJNC,67.5
6HJNC,69
6HJNC,71.5
6HJNC,74
6HJNC,76.5
6HJNC,79
6HJNC,81
6HJNC,82
6HJNC,83
6HJNC,84
6HJNL,ADULTS
6HJNL,2XS
6HJNL,XS
6HJNL,S
6HJNL,M
6HJNL,L
6HJNL,XL
6HJNL,2XL
6HJNL,3XL
6HJNL,4XL
6HJNL,5XL
6HJNL,CHEST
6HJNL,48.5
6HJNL,51
6HJNL,53.5
6HJNL,56
6HJNL,58.5
6HJNL,61
6HJNL,63.5
6HJNL,66.5
6HJNL,70
6HJNL,73.5
6HJNL,SP LENGTH
6HJNL,67.5
6HJNL,69
6HJNL,71.5
6HJNL,74
6HJNL,76.5
6HJNL,79
6HJNL,81
6HJNL,82
6HJNL,83
6HJNL,84
6HJS1,LADIES
6HJS1,8
6HJS1,10
6HJS1,12
6HJS1,14
6HJS1,16
6HJS1,18
6HJS1,20
6HJS1,22
6HJS1,24
6HJS1,26
6HJS1,SP LENGTH
6HJS1,62
6HJS1,64
6HJS1,66
6HJS1,68
6HJS1,70
6HJS1,72
6HJS1,73
6HJS1,74
6HJS1,75
6HJS1,76
6HJS1,BUST
6HJS1,46
6HJS1,48.5
6HJS1,51
6HJS1,53.5
6HJS1,56
6HJS1,58.5
6HJS1,61
6HJS1,63.5
6HJS1,66
6HJS1,68.5
6LHCL,LADIES
6LHCL,8
6LHCL,10
6LHCL,12
6LHCL,14
6LHCL,16
6LHCL,18
6LHCL,20
6LHCL,22
6LHCL,24
6LHCL,26
6LHCL,BUST
6LHCL,46
6LHCL,48.5
6LHCL,51
6LHCL,53.5
6LHCL,56
6LHCL,58.5
6LHCL,61
6LHCL,63.5
6LHCL,66
6LHCL,68.5
6LHCL,SP LENGTH
6LHCL,62
6LHCL,64
6LHCL,66
6LHCL,68
6LHCL,70
6LHCL,72
6LHCL,73
6LHCL,74
6LHCL,75
6LHCL,76
6DTSP,ADULTS
6DTSP,XS
6DTSP,S
6DTSP,M
6DTSP,L
6DTSP,XL
6DTSP,2XL
6DTSP,3XL
6DTSP,4XL
6DTSP,5XL
6DTSP,6/7XL
6DTSP,CHEST
6DTSP,51
6DTSP,53.5
6DTSP,56
6DTSP,58.5
6DTSP,61
6DTSP,63.5
6DTSP,66.5
6DTSP,70
6DTSP,73.5
6DTSP,80.5
6DTSP,CB LENGTH
6DTSP,65.5
6DTSP,68
6DTSP,70.5
6DTSP,73
6DTSP,75
6DTSP,77
6DTSP,78
6DTSP,79
6DTSP,80
6DTSP,81
6QTDP,ADULTS
6QTDP,3XS
6QTDP,2XS
6QTDP,XS
6QTDP,S
6QTDP,M
6QTDP,L
6QTDP,XL
6QTDP,2XL
6QTDP,3XL
6QTDP,4XL
6QTDP,5XL
6QTDP,6/7XL
6QTDP,CHEST
6QTDP,46
6QTDP,48.5
6QTDP,51
6QTDP,53.5
6QTDP,56
6QTDP,58.5
6QTDP,61
6QTDP,63.5
6QTDP,66.5
6QTDP,70
6QTDP,73.5
6QTDP,78.5
6QTDP,SP LENGTH
6QTDP,66.5
6QTDP,68
6QTDP,69.5
6QTDP,71.5
6QTDP,74
6QTDP,76.5
6QTDP,79
6QTDP,81
6QTDP,82
6QTDP,83
6QTDP,84
6QTDP,86
6DHL,ADULTS
6DHL,XS
6DHL,S
6DHL,M
6DHL,L
6DHL,XL
6DHL,2XL
6DHL,3XL
6DHL,4XL
6DHL,5XL
6DHL,6/7XL
6DHL,CHEST
6DHL,51
6DHL,53.5
6DHL,56
6DHL,58.5
6DHL,61
6DHL,63.5
6DHL,66.5
6DHL,70
6DHL,73.5
6DHL,80.5
6DHL,SP LENGTH
6DHL,69
6DHL,71.5
6DHL,74
6DHL,76.5
6DHL,79
6DHL,81
6DHL,82
6DHL,83
6DHL,84
6DHL,86
6DTLP,ADULTS
6DTLP,XS
6DTLP,S
6DTLP,M
6DTLP,L
6DTLP,XL
6DTLP,2XL
6DTLP,3XL
6DTLP,4XL
6DTLP,5XL
6DTLP,6/7XL
6DTLP,CHEST
6DTLP,51
6DTLP,53.5
6DTLP,56
6DTLP,58.5
6DTLP,61
6DTLP,63.5
6DTLP,66.5
6DTLP,70
6DTLP,73.5
6DTLP,80.5
6DTLP,CB LENGTH
6DTLP,65.5
6DTLP,68
6DTLP,70.5
6DTLP,73
6DTLP,75
6DTLP,77
6DTLP,78
6DTLP,79
6DTLP,80
6DTLP,81
6HPL,ADULTS
6HPL,2XS
6HPL,XS
6HPL,S
6HPL,M
6HPL,L
6HPL,XL
6HPL,2XL
6HPL,3XL
6HPL,4XL
6HPL,5XL
6HPL,CHEST
6HPL,48.5
6HPL,51
6HPL,53.5
6HPL,56
6HPL,58.5
6HPL,61
6HPL,63.5
6HPL,66.5
6HPL,70
6HPL,73.5
6HPL,SP LENGTH
6HPL,67.5
6HPL,69
6HPL,71.5
6HPL,74
6HPL,76.5
6HPL,79
6HPL,81
6HPL,82
6HPL,83
6HPL,84
